henrik	henrik@levkowetz.com	Henrik Levkowetz
chris	chris.newman@sun.com	Chris Newman
pasi	pasi.eronen@nokia.com	Pasi Eronen
rjs	rjs@nostrum.com	Robert Sparks
tony	tony@att.com	Tony Hansen
ben	ben@nostrum.com	Ben Campbell
kivinen	kivinen@iki.fi	Tero Kivinen
adam	adam@nostrum.com	Adam Roach
arifumi	arifumi@nttv6.net	Arifumi Matsumoto
edj	edj.etc@gmail.com	Ed Juskevicius
lars	lars.eggert@gmail.com	Lars Eggert
